{
   "nodes": [
       {"name": "node_1"},
	   {"name": "node_2"},
	   {"name": "node_3"},
	   {"name": "node_4"},
	   {"name": "node_5"},
	   {"name": "node_6"},
	   {"name": "node_7"},
	   {"name": "node_8"},
	   {"name": "node_9"},
	   {"name": "node_10"}
   ],
   "edges": [
		{"src": "node_3", "dest": "node_2"},
		{"src": "node_5", "dest": "node_3"},
		{"src": "node_8", "dest": "node_7"},
		{"src": "node_1", "dest": "node_4"},
		{"src": "node_7", "dest": "node_5"},
		{"src": "node_3", "dest": "node_9"},
		{"src": "node_2", "dest": "node_4"},
		{"src": "node_6", "dest": "node_5"},
		{"src": "node_9", "dest": "node_1"},
		{"src": "node_10", "dest": "node_2"},
		{"src": "node_1", "dest": "node_10"}
   ]
}